{"_runtime":83920.322377048,"_step":47344,"_wandb":{"runtime":83920},"train_loss":0.26285862922668457,"_timestamp":1.728460138256029e+09}